{

  "surveys" : [{
    "id" : "surveyId",
    "sommary" : "sommary",
    "client" : "client's name",
    "clientAddress" : {
      "streetNumber" : "44",
      "streetName" : "rue des archives",
      "postalCode" : "75004",
      "city" : "Paris"
    },
    "questions" : [{
      "id" : "questionId1",
      "question" : "question1"
    },
      {
        "id" : "questionId2",
        "question" : "question2"
      }]
  }],

  "campaigns" :[{
    "id" : "campaignId",
    "surveyId" : "surveyId",
    "addressStatuses" : [ {
      "id" : "addressStatusesId1",
      "address" : {
        "streetNumber" : "10",
        "streetName" : "rue de Rivoli",
        "postalCode" : "75001",
        "city" : "Paris"
      },
      "status" : "DONE"
    }, {
      "id" : "addressStatusesId2",
      "address" : {
        "streetNumber" : "40",
        "streetName" : "rue du Louvre",
        "postalCode" : "75001",
        "city" : "Paris"
      },
      "status" : "TODO"
    }]
  }]

}