<?xml version="1.0" encoding="UTF-8" standalone="no"?>
<databaseChangeLog
	xmlns="http://www.liquibase.org/xml/ns/dbchangelog"
	xmlns:ext="http://www.liquibase.org/xml/ns/dbchangelog-ext"
	xmlns:xsi="http://www.w3.org/2001/XMLSchema-instance"
	xsi:schemaLocation="http://www.liquibase.org/xml/ns/dbchangelog-ext http://www.liquibase.org/xml/ns/dbchangelog/dbchangelog-ext.xsd http://www.liquibase.org/xml/ns/dbchangelog http://www.liquibase.org/xml/ns/dbchangelog/dbchangelog-3.4.xsd">
    <changeSet author="user (generated)" id="1555521628646-1">
        <createSequence sequenceName="HIBERNATE_SEQUENCE"/>
    </changeSet>
    <changeSet author="user (generated)" id="1555521628646-2">
        <createTable tableName="ACCOUNT">
            <column name="ACCOUNT_ID" type="BIGINT(19)">
                <constraints nullable="false"/>
            </column>
            <column name="BALANCE" type="INT(10)">
                <constraints nullable="false"/>
            </column>
        </createTable>
    </changeSet>
    <changeSet author="user (generated)" id="1555521628646-3">
        <createTable tableName="TRANSACTION">
            <column name="TRANSACTION_ID" type="BIGINT(19)">
                <constraints nullable="false"/>
            </column>
            <column name="ACCOUNT_ID" type="BIGINT(19)">
                <constraints nullable="false"/>
            </column>
            <column name="AMOUNT" type="INT(10)">
                <constraints nullable="false"/>
            </column>
            <column name="BALANCE" type="INT(10)">
                <constraints nullable="false"/>
            </column>
            <column name="DATE" type="TIMESTAMP"/>
            <column name="TYPE" type="INT(10)"/>
        </createTable>
    </changeSet>
    <changeSet author="user (generated)" id="1555521628646-4">
        <addPrimaryKey columnNames="ACCOUNT_ID" constraintName="CONSTRAINT_E" tableName="ACCOUNT"/>
    </changeSet>
    <changeSet author="user (generated)" id="1555521628646-5">
        <addPrimaryKey columnNames="TRANSACTION_ID" constraintName="CONSTRAINT_F" tableName="TRANSACTION"/>
    </changeSet>
</databaseChangeLog>
